id,first_name,last_name,username,ssn
1,Karina,Hatfull,khatfull0@tmall.com,345-34-3929
2,Marget,MacMillan,mmacmillan1@elegantthemes.com,690-87-1800
3,Lavena,Hayter,lhayter2@t.co,778-76-4575
4,Lyndell,Nortunen,lnortunen3@engadget.com,563-05-5657
5,Bridget,Scoterbosh,bscoterbosh4@seesaa.net,463-26-2363
6,Pietro,Robinette,probinette5@edublogs.org,817-39-6638
7,Zack,Wheelhouse,zwheelhouse6@cbslocal.com,411-97-4826
8,Immanuel,Skillington,iskillington7@ehow.com,195-36-1037
9,Sim,Fairlie,sfairlie8@comsenz.com,700-05-1409
10,Christine,Severs,csevers9@booking.com,250-32-1369
11,Alastair,Dust,adusta@utexas.edu,108-17-0987
12,Devland,Mesant,dmesantb@cisco.com,130-49-6313
13,Octavius,Clemmitt,oclemmittc@house.gov,340-77-6863
14,Alayne,Jefferson,ajeffersond@slashdot.org,296-78-7869
15,Victoria,Aronin,varonine@loc.gov,275-83-7945
16,Perle,Grumley,pgrumleyf@seattletimes.com,664-63-2130
17,Lily,Goodspeed,lgoodspeedg@scribd.com,445-13-1312
18,Janet,Montgomery,jmontgomeryh@globo.com,743-61-8902
19,Josefina,Djordjevic,jdjordjevici@amazon.de,338-37-3983
20,Maureen,Owtram,mowtramj@desdev.cn,407-05-7775
21,Dino,Bortoluzzi,dbortoluzzik@google.pl,312-15-9453
22,Rina,Stockley,rstockleyl@unblog.fr,371-44-6597
23,Kym,Blewitt,kblewittm@cisco.com,400-77-9039
24,Alyse,Greder,agredern@imdb.com,452-12-2678
25,Essa,Smullin,esmullino@reverbnation.com,397-93-0294
26,Sarge,Chadwen,schadwenp@canalblog.com,369-29-2238
27,Daveen,Forsey,dforseyq@privacy.gov.au,759-83-3979
28,Fredric,Whistlecraft,fwhistlecraftr@google.com.au,280-53-0074
29,Barb,Laxe,blaxes@economist.com,586-91-1470
30,Abrahan,Gorgl,agorglt@cocolog-nifty.com,129-14-1704
31,Wernher,Pavelka,wpavelkau@sakura.ne.jp,418-89-7032
32,Nannie,Cardo,ncardov@surveymonkey.com,740-94-8450
33,Tadio,Annesley,tannesleyw@howstuffworks.com,886-19-2211
34,Alwyn,Verryan,averryanx@zimbio.com,614-04-2364
35,Ginger,Phetteplace,gphetteplacey@quantcast.com,213-99-3821
36,Pippo,Servante,pservantez@bluehost.com,453-13-1664
37,Lianna,Brigshaw,lbrigshaw10@go.com,622-52-6562
38,Rosella,Gerhartz,rgerhartz11@mail.ru,848-54-0978
39,Verla,Sollett,vsollett12@twitpic.com,687-08-6260
40,Randal,Heads,rheads13@globo.com,870-55-4540
41,Webb,Rodmell,wrodmell14@free.fr,776-48-1967
42,Nancey,Maseyk,nmaseyk15@bbb.org,413-08-7604
43,Melissa,Stuchbery,mstuchbery16@paginegialle.it,637-33-3152
44,Gaye,Philson,gphilson17@ucoz.ru,672-90-1327
45,Demetris,Sarvar,dsarvar18@slideshare.net,717-03-1514
46,Lauren,Alyonov,lalyonov19@sohu.com,367-52-8174
47,Mose,Pickavance,mpickavance1a@simplemachines.org,261-80-8102
48,Tudor,Liffe,tliffe1b@mayoclinic.com,158-14-0659
49,Orel,Bruneton,obruneton1c@bing.com,805-77-2588
50,Jan,Cheale,jcheale1d@bravesites.com,222-44-7439
51,Daron,Frith,dfrith1e@uol.com.br,806-56-5017
52,Mellisa,Gilmour,mgilmour1f@ft.com,187-62-0111
53,Merle,Marty,mmarty1g@github.com,653-91-0876
54,Imojean,Dulake,idulake1h@gov.uk,610-93-5168
55,Hedwiga,Roswarne,hroswarne1i@ebay.co.uk,616-06-6576
56,Vlad,Gayther,vgayther1j@cbsnews.com,795-30-9175
57,Heath,Stayte,hstayte1k@acquirethisname.com,797-25-2850
58,Penn,Blunkett,pblunkett1l@usgs.gov,588-62-5896
59,Conrado,Domonkos,cdomonkos1m@oaic.gov.au,538-55-7350
60,Hy,Brandle,hbrandle1n@i2i.jp,224-02-5933
61,Nichols,Brucker,nbrucker1o@nba.com,760-81-2285
62,Fitzgerald,Nannoni,fnannoni1p@ifeng.com,807-77-2949
63,Taryn,Stoyles,tstoyles1q@guardian.co.uk,267-65-1988
64,Jacintha,Makiver,jmakiver1r@reference.com,715-92-6041
65,Jilly,Sapseed,jsapseed1s@jalbum.net,726-76-0026
66,Timothee,Ketchen,tketchen1t@wufoo.com,778-69-6297
67,Nike,Kunert,nkunert1u@statcounter.com,750-40-0848
68,Cliff,Flintoff,cflintoff1v@wikispaces.com,415-80-3480
69,Nichols,O'Reagan,noreagan1w@mit.edu,181-68-5160
70,Coriss,Wife,cwife1x@webs.com,113-55-4671
71,Pierre,Gibard,pgibard1y@sohu.com,567-50-5524
72,Aldric,Covert,acovert1z@netvibes.com,578-18-5068
73,Orville,Suston,osuston20@home.pl,414-09-1759
74,Holly-anne,Ickovici,hickovici21@ifeng.com,506-09-0358
75,Justin,Sighard,jsighard22@amazon.de,271-97-0076
76,Jeanne,Gogerty,jgogerty23@icio.us,855-64-2291
77,Jarret,Olner,jolner24@sun.com,793-56-1454
78,Sherrie,McNern,smcnern25@reddit.com,503-47-7483
79,Emilio,Dimberline,edimberline26@google.de,142-41-6515
80,Isabel,Buche,ibuche27@howstuffworks.com,826-71-0623
81,Cristie,Lutton,clutton28@utexas.edu,130-59-7047
82,Gertrudis,Whorton,gwhorton29@twitpic.com,190-10-5598
83,Averell,Holsall,aholsall2a@vimeo.com,260-41-4017
84,Tillie,Binnall,tbinnall2b@reverbnation.com,179-91-0951
85,Carter,Wale,cwale2c@nih.gov,829-43-5857
86,Chloe,Bront,cbront2d@istockphoto.com,394-12-9654
87,Amery,Kieff,akieff2e@pen.io,294-30-0389
88,Samuel,Tubbs,stubbs2f@mapquest.com,216-74-1379
89,Nathalia,Amaya,namaya2g@prlog.org,883-78-7444
90,Mira,Joslyn,mjoslyn2h@51.la,310-96-2722
91,Carley,Evill,cevill2i@europa.eu,717-67-5747
92,Grover,Welland,gwelland2j@ftc.gov,446-81-4287
93,Hasty,Leathes,hleathes2k@about.com,767-51-2289
94,Larissa,Hegg,lhegg2l@timesonline.co.uk,585-49-0202
95,Guillema,Saffe,gsaffe2m@people.com.cn,259-84-2485
96,Sarge,Stonebanks,sstonebanks2n@free.fr,110-40-0675
97,Kaile,Cannon,kcannon2o@ihg.com,758-10-6099
98,Gillie,Gieves,ggieves2p@virginia.edu,313-20-6082
99,Abramo,Hethron,ahethron2q@sakura.ne.jp,831-83-1050
100,Kelli,Lomis,klomis2r@hud.gov,470-46-3927
101,Eben,Fresson,efresson2s@cdbaby.com,618-69-7853
102,Clyde,Gurdon,cgurdon2t@cloudflare.com,545-23-4125
103,Spenser,Julien,sjulien2u@printfriendly.com,360-24-7380
104,Christie,Ledeker,cledeker2v@theguardian.com,615-70-3356
105,Alford,Yokel,ayokel2w@timesonline.co.uk,206-74-6532
106,Olia,Oehme,ooehme2x@google.cn,370-03-5088
107,Haywood,Dunstall,hdunstall2y@domainmarket.com,225-74-7320
108,Shantee,Rhodef,srhodef2z@timesonline.co.uk,685-87-6020
109,Christel,Berrill,cberrill30@issuu.com,562-66-1332
110,Warden,Columbine,wcolumbine31@census.gov,562-06-8644
111,Liuka,Oneal,loneal32@miibeian.gov.cn,125-52-0404
112,Madelene,Lots,mlots33@usgs.gov,146-80-9737
113,Kerby,Haggerwood,khaggerwood34@seattletimes.com,614-43-7405
114,Hedwiga,Semrad,hsemrad35@ifeng.com,746-18-3135
115,Marius,Cary,mcary36@livejournal.com,842-22-1138
116,Caryl,Kendrick,ckendrick37@vk.com,287-25-1374
117,Abbye,Culleford,aculleford38@google.ru,755-02-2725
118,Roz,Elt,relt39@mayoclinic.com,152-79-7237
119,Dayna,Ochterlony,dochterlony3a@taobao.com,166-09-6461
120,Deerdre,Muller,dmuller3b@youku.com,379-86-5842
121,Albertine,Roubeix,aroubeix3c@cdc.gov,476-69-9054
122,Oralie,Luna,oluna3d@lulu.com,554-62-0420
123,Megen,Trank,mtrank3e@dedecms.com,724-93-3230
124,Renaldo,Hovenden,rhovenden3f@jalbum.net,563-10-0760
125,Gussy,Sprague,gsprague3g@hibu.com,454-92-4044
126,Sherman,Harwood,sharwood3h@sourceforge.net,740-55-0616
127,Elmo,Guesford,eguesford3i@nyu.edu,548-17-9260
128,Connor,Blaise,cblaise3j@about.me,332-94-6462
129,Fernande,Wittier,fwittier3k@tuttocitta.it,735-17-0182
130,Lorna,Galea,lgalea3l@tripadvisor.com,527-08-2106
131,Casandra,Jewel,cjewel3m@narod.ru,510-78-5869
132,Marcelle,Grimsley,mgrimsley3n@jiathis.com,866-93-3966
133,Patrice,Serchwell,pserchwell3o@macromedia.com,175-53-9412
134,Jarad,MacKaile,jmackaile3p@nydailynews.com,671-96-8945
135,Wendeline,Meates,wmeates3q@wordpress.com,798-07-3314
136,Alano,Richemond,arichemond3r@telegraph.co.uk,600-31-3546
137,Brew,Drewes,bdrewes3s@seesaa.net,115-83-0990
138,Giselbert,Jaffray,gjaffray3t@xrea.com,465-29-2834
139,Siouxie,Dadswell,sdadswell3u@illinois.edu,841-07-6594
140,Doro,Warke,dwarke3v@storify.com,490-39-3063
141,Maxim,Van den Velden,mvandenvelden3w@ca.gov,213-16-2331
142,Vincents,Eede,veede3x@thetimes.co.uk,539-41-5420
143,Cherice,Haysom,chaysom3y@sciencedaily.com,304-88-5678
144,Gearalt,Jorczyk,gjorczyk3z@csmonitor.com,195-95-4322
145,Libbey,McDowell,lmcdowell40@techcrunch.com,530-83-8771
146,Orville,Heckle,oheckle41@weebly.com,889-92-1051
147,Junette,Iaduccelli,jiaduccelli42@usa.gov,137-43-2076
148,Lorelei,Sorbey,lsorbey43@last.fm,190-37-8266
149,Elinor,Malacrida,emalacrida44@pagesperso-orange.fr,481-38-7058
150,Karel,Garcia,kgarcia45@toplist.cz,198-77-9942
151,Leila,Tuffield,ltuffield46@last.fm,237-52-8809
152,Baxy,Leverington,bleverington47@indiatimes.com,284-20-9245
153,Mikol,Hamor,mhamor48@cnet.com,227-03-8617
154,Sharla,Thairs,sthairs49@nyu.edu,793-46-6872
155,Horst,Bramelt,hbramelt4a@ow.ly,640-54-7462
156,Violetta,Fullbrook,vfullbrook4b@accuweather.com,463-28-5552
157,Carolyn,Archbald,carchbald4c@bbb.org,520-04-6346
158,Norma,Amphlett,namphlett4d@w3.org,297-63-5654
159,Alys,Figge,afigge4e@hhs.gov,242-92-3257
160,Cacilie,Cowland,ccowland4f@canalblog.com,538-26-1848
161,Wittie,Jeffels,wjeffels4g@stanford.edu,254-52-3869
162,Keene,Stebbings,kstebbings4h@freewebs.com,142-31-7100
163,Sonny,Bendig,sbendig4i@biglobe.ne.jp,682-02-2887
164,Giustina,Schiell,gschiell4j@columbia.edu,826-79-6840
165,Robin,Matusovsky,rmatusovsky4k@w3.org,765-25-9192
166,Corbin,Greaves,cgreaves4l@gnu.org,374-05-4285
167,Bevon,Carefull,bcarefull4m@wikipedia.org,787-42-7779
168,Trenton,Isoldi,tisoldi4n@seattletimes.com,168-65-0626
169,Chiquita,Quemby,cquemby4o@privacy.gov.au,867-48-5425
170,Helsa,Sorsby,hsorsby4p@multiply.com,865-16-6501
171,Riva,McClaren,rmcclaren4q@weebly.com,122-01-8078
172,Nobe,Stainland,nstainland4r@booking.com,472-61-4529
173,Ethelyn,Sainz,esainz4s@reverbnation.com,733-29-1068
174,Niels,Krollmann,nkrollmann4t@odnoklassniki.ru,359-34-4421
175,Roddie,McLardie,rmclardie4u@cyberchimps.com,231-29-9823
176,Ardelis,Daveridge,adaveridge4v@nyu.edu,319-86-9898
177,Melantha,Kynge,mkynge4w@npr.org,654-72-4779
178,Caren,Sharphurst,csharphurst4x@edublogs.org,247-09-4361
179,Deirdre,McGeachey,dmcgeachey4y@engadget.com,263-37-9573
180,Sher,Sinkin,ssinkin4z@reddit.com,734-07-5796
181,Lona,Livett,llivett50@jigsy.com,601-55-5443
182,Kay,Aveling,kaveling51@nbcnews.com,322-84-3405
183,Vivie,Skelton,vskelton52@apache.org,109-84-0370
184,Liza,Berzon,lberzon53@i2i.jp,167-78-0972
185,Elysia,Lindgren,elindgren54@163.com,885-90-7937
186,Loise,Trevena,ltrevena55@businesswire.com,696-31-5178
187,Stephani,Speer,sspeer56@geocities.jp,427-56-5374
188,Keenan,Ridgway,kridgway57@blogtalkradio.com,199-07-5099
189,Willis,Oxterby,woxterby58@histats.com,445-41-5643
190,Olivette,Dallywater,odallywater59@lycos.com,569-48-1116
191,Roch,Krauss,rkrauss5a@mashable.com,403-33-9921
192,Wallie,Padden,wpadden5b@dailymail.co.uk,590-12-7511
193,Claudia,Monger,cmonger5c@nbcnews.com,185-14-1883
194,Mile,Coffey,mcoffey5d@ibm.com,864-91-5007
195,Yancey,Sherar,ysherar5e@soup.io,334-93-6121
196,Tybie,Wickstead,twickstead5f@privacy.gov.au,892-24-5564
197,Erminia,Petit,epetit5g@google.co.uk,571-87-4693
198,Hana,Shelsher,hshelsher5h@mediafire.com,112-43-7997
199,Cassi,Powley,cpowley5i@smh.com.au,104-05-1361
200,Baudoin,Hesbrook,bhesbrook5j@thetimes.co.uk,721-24-2475
201,Audry,Skull,askull5k@bandcamp.com,204-60-2649
202,Aretha,Fidian,afidian5l@cnet.com,632-97-7442
203,Quintilla,Sheryn,qsheryn5m@telegraph.co.uk,744-18-1185
204,Anne,Crosetti,acrosetti5n@mashable.com,432-37-5693
205,Ebenezer,Issakov,eissakov5o@time.com,336-38-5100
206,Carver,Vasenin,cvasenin5p@oakley.com,753-03-0894
207,Frasquito,Troucher,ftroucher5q@acquirethisname.com,350-03-0808
208,Lind,Piggott,lpiggott5r@stumbleupon.com,657-90-8099
209,Karie,Bestwerthick,kbestwerthick5s@zimbio.com,318-65-9434
210,Domenic,Alldritt,dalldritt5t@wordpress.org,473-18-1981
211,Tiffany,Soppit,tsoppit5u@wordpress.com,865-36-7842
212,Merle,Russel,mrussel5v@usatoday.com,117-31-5110
213,Jake,Ivory,jivory5w@ning.com,501-34-9968
214,Constantina,Gallant,cgallant5x@xinhuanet.com,731-71-8830
215,Amara,Leys,aleys5y@xrea.com,336-45-9766
216,Keir,Justis,kjustis5z@angelfire.com,861-95-9366
217,Will,Storm,wstorm60@foxnews.com,745-94-9925
218,Fax,Vedekhin,fvedekhin61@baidu.com,288-56-1089
219,Huntlee,Gibbett,hgibbett62@usatoday.com,115-43-5279
220,Nancy,Cadding,ncadding63@theatlantic.com,814-60-6139
221,Randa,Kintish,rkintish64@vk.com,865-07-8499
222,Wiatt,Parvin,wparvin65@ycombinator.com,694-82-3343
223,Bobby,Guisot,bguisot66@mac.com,555-16-2893
224,Cobb,Hort,chort67@comcast.net,759-08-8192
225,Genevieve,Shippam,gshippam68@phoca.cz,136-28-9214
226,Washington,Lambdean,wlambdean69@barnesandnoble.com,835-47-9260
227,Ermentrude,Van De Cappelle,evandecappelle6a@google.co.uk,123-79-0792
228,Karna,Jordeson,kjordeson6b@acquirethisname.com,631-75-7667
229,Vernor,Byram,vbyram6c@pen.io,291-44-7223
230,Ilene,Ludgrove,iludgrove6d@linkedin.com,871-02-4809
231,Silas,De Mars,sdemars6e@weibo.com,409-53-9278
232,Lanie,Pennigar,lpennigar6f@independent.co.uk,482-72-6294
233,Delbert,Moquin,dmoquin6g@yahoo.co.jp,734-05-9495
234,Deidre,Pasque,dpasque6h@go.com,573-65-7950
235,Sibilla,Wycherley,swycherley6i@ycombinator.com,542-76-9068
236,Annamaria,Jupe,ajupe6j@usatoday.com,579-33-9558
237,Juli,Hotchkin,jhotchkin6k@fotki.com,467-06-0721
238,Florella,Sannes,fsannes6l@nytimes.com,596-93-8066
239,Yoko,Burrells,yburrells6m@ask.com,872-84-4279
240,Tyne,Baythorp,tbaythorp6n@boston.com,456-98-4299
241,Irvin,Van Haeften,ivanhaeften6o@wired.com,883-49-9692
242,Jillie,Cowmeadow,jcowmeadow6p@marketwatch.com,795-21-9434
243,Franny,Gerauld,fgerauld6q@opensource.org,713-87-5126
244,Madelyn,Rene,mrene6r@reddit.com,448-31-9353
245,Ricardo,Firbank,rfirbank6s@wix.com,220-40-0891
246,Eartha,Conyers,econyers6t@chicagotribune.com,548-51-3759
247,Lusa,Matveyev,lmatveyev6u@amazonaws.com,562-33-1166
248,Corina,Hammand,chammand6v@vinaora.com,142-30-3627
249,Erinna,Maciaszek,emaciaszek6w@sakura.ne.jp,238-58-9978
250,Darda,Jaszczak,djaszczak6x@hhs.gov,569-44-0037
251,Eloise,Lemmens,elemmens6y@techcrunch.com,150-98-6750
252,Lemmie,Tampling,ltampling6z@qq.com,661-34-2275
253,Beauregard,Writtle,bwrittle70@google.com.hk,403-08-3763
254,Audra,Purchall,apurchall71@cornell.edu,483-84-7614
255,Lanni,Berthot,lberthot72@linkedin.com,603-76-9780
256,Glenda,Gymlett,ggymlett73@t-online.de,773-16-0336
257,Thacher,Taysbil,ttaysbil74@gnu.org,841-32-1143
258,Branden,Kullmann,bkullmann75@constantcontact.com,874-15-7779
259,Hilton,Hartright,hhartright76@dropbox.com,799-19-5988
260,Adeline,Sherland,asherland77@msu.edu,626-61-2557
261,Tanney,Vowell,tvowell78@networksolutions.com,873-60-5414
262,Ekaterina,Briddock,ebriddock79@bandcamp.com,517-62-4346
263,Natalya,St. Pierre,nstpierre7a@scribd.com,747-23-0166
264,Julian,Macon,jmacon7b@usgs.gov,122-48-2025
265,Jefferey,Yesipov,jyesipov7c@stanford.edu,554-62-6378
266,Lodovico,O'Teague,loteague7d@wufoo.com,562-55-7783
267,Carmela,Toop,ctoop7e@last.fm,547-93-8997
268,Sholom,Reschke,sreschke7f@gnu.org,214-57-9862
269,Trina,Gianninotti,tgianninotti7g@hc360.com,641-64-4813
270,Madison,Attle,mattle7h@wordpress.org,328-12-0026
271,Olenka,Sircomb,osircomb7i@craigslist.org,896-88-9678
272,Florella,Gokes,fgokes7j@printfriendly.com,731-64-0495
273,Nataniel,Josse,njosse7k@statcounter.com,105-47-5845
274,D'arcy,Madigan,dmadigan7l@businesswire.com,131-45-7903
275,Klaus,Warnock,kwarnock7m@msn.com,173-85-9352
276,Malva,Gotfrey,mgotfrey7n@tinyurl.com,789-09-0106
277,Regen,Baldacchino,rbaldacchino7o@hubpages.com,388-51-4815
278,Ricky,Joselovitch,rjoselovitch7p@ow.ly,679-57-2471
279,Augustine,Leifer,aleifer7q@chicagotribune.com,544-98-3095
280,Shaw,Maydway,smaydway7r@livejournal.com,368-82-8328
281,Reina,Anstie,ranstie7s@vk.com,568-04-7478
282,Laraine,Pervoe,lpervoe7t@jiathis.com,589-99-4173
283,Vannie,Burnup,vburnup7u@businesswire.com,262-43-1997
284,Evin,Blethyn,eblethyn7v@google.com.au,838-99-6993
285,Pedro,Diehn,pdiehn7w@who.int,873-75-4195
286,Wood,Pavluk,wpavluk7x@ycombinator.com,807-36-0531
287,Leslie,Ensor,lensor7y@odnoklassniki.ru,833-64-4707
288,Arv,Leibold,aleibold7z@hostgator.com,769-81-2105
289,Arlie,Ciccarello,aciccarello80@ocn.ne.jp,704-32-9652
290,Franky,Killigrew,fkilligrew81@studiopress.com,336-22-2749
291,Gae,Gawkes,ggawkes82@cmu.edu,472-56-8401
292,Blisse,Dowden,bdowden83@irs.gov,172-17-7722
293,Regina,Grovier,rgrovier84@umich.edu,780-60-4336
294,Emlyn,Halesworth,ehalesworth85@imdb.com,161-05-6257
295,Robbi,Borsi,rborsi86@mediafire.com,261-04-6874
296,Tanya,Ornelas,tornelas87@shutterfly.com,347-11-4698
297,Mariejeanne,Boughen,mboughen88@slideshare.net,516-58-5107
298,Monique,Robuchon,mrobuchon89@who.int,554-92-9260
299,Drona,Durnford,ddurnford8a@irs.gov,588-89-7815
300,Sheba,Andrelli,sandrelli8b@dailymail.co.uk,806-34-9782
301,Ninetta,Binding,nbinding8c@webs.com,603-08-0952
302,Barnard,Brotherheed,bbrotherheed8d@qq.com,334-70-7095
303,Scarlett,Bartolic,sbartolic8e@slate.com,654-71-2746
304,Rudyard,Karpman,rkarpman8f@cmu.edu,305-33-7142
305,Rosmunda,Fahey,rfahey8g@bizjournals.com,726-54-4217
306,Claudina,Bleckly,cbleckly8h@sbwire.com,598-16-9707
307,Debbi,Hadcock,dhadcock8i@eepurl.com,270-55-4925
308,Carree,Souttar,csouttar8j@marketwatch.com,430-94-5188
309,Jillayne,Tutchener,jtutchener8k@tripadvisor.com,244-32-5663
310,Gian,McKnish,gmcknish8l@kickstarter.com,351-99-0637
311,Caty,Coggles,ccoggles8m@nytimes.com,416-53-9765
312,Jackelyn,Pollins,jpollins8n@umich.edu,693-38-3246
313,Tye,Dunkerly,tdunkerly8o@clickbank.net,543-38-5217
314,Nikolas,Oakshott,noakshott8p@howstuffworks.com,598-98-4217
315,Giuseppe,Brunton,gbrunton8q@dyndns.org,167-11-2079
316,Deanne,Okeshott,dokeshott8r@theatlantic.com,276-86-5770
317,Lazaro,Bohills,lbohills8s@harvard.edu,403-07-6860
318,Eartha,Leydon,eleydon8t@reddit.com,659-11-6540
319,Hector,Ditts,hditts8u@gizmodo.com,409-62-1222
320,Field,Vaugham,fvaugham8v@businessweek.com,725-21-6347
321,Lind,Aicken,laicken8w@people.com.cn,127-69-7933
322,Katlin,Gibbetts,kgibbetts8x@washingtonpost.com,319-29-9059
323,Lou,Coddrington,lcoddrington8y@sfgate.com,227-11-2735
324,Dermot,McCoid,dmccoid8z@wiley.com,120-80-5539
325,Carmelita,Elen,celen90@icio.us,315-43-5828
326,Juliann,Luff,jluff91@comsenz.com,216-37-8244
327,Lani,Pinches,lpinches92@economist.com,667-67-5372
328,Arvy,Whitcombe,awhitcombe93@51.la,463-20-0187
329,Becki,Minichillo,bminichillo94@china.com.cn,856-23-4900
330,Winnah,Atwel,watwel95@storify.com,653-71-5223
331,Nefen,O'Doghesty,nodoghesty96@stanford.edu,598-42-2517
332,Madelena,Yatman,myatman97@cnet.com,595-90-4556
333,Lottie,Boddington,lboddington98@scribd.com,115-67-7442
334,Ilyse,Hindenburg,ihindenburg99@51.la,745-89-8451
335,Killie,Serotsky,kserotsky9a@parallels.com,886-72-9727
336,Ebony,Bygreaves,ebygreaves9b@cargocollective.com,415-92-9622
337,Eirena,McReynolds,emcreynolds9c@alexa.com,824-31-8547
338,Boycie,Kemwall,bkemwall9d@sakura.ne.jp,291-85-9303
339,Dick,Petegree,dpetegree9e@about.me,631-10-6377
340,Merwin,Hardway,mhardway9f@va.gov,148-59-9357
341,Devon,Spread,dspread9g@sfgate.com,812-93-4121
342,Janie,Savil,jsavil9h@irs.gov,508-45-4337
343,Worden,Vickery,wvickery9i@utexas.edu,895-88-0152
344,Farra,Hodge,fhodge9j@acquirethisname.com,222-66-8237
345,Raina,Mahony,rmahony9k@opera.com,697-66-7116
346,Eba,Pottell,epottell9l@psu.edu,321-01-5230
347,Ev,Yude,eyude9m@bbc.co.uk,258-98-7511
348,Mandi,Braun,mbraun9n@1und1.de,211-34-2208
349,Tamar,Gricewood,tgricewood9o@reference.com,524-85-0672
350,Karoline,De Lacey,kdelacey9p@timesonline.co.uk,680-54-9776
351,Josey,Pietrowski,jpietrowski9q@netvibes.com,288-99-9924
352,Chancey,Frankowski,cfrankowski9r@bbb.org,687-08-4333
353,Tuesday,Varfalameev,tvarfalameev9s@simplemachines.org,115-19-6508
354,Nolie,Eglinton,neglinton9t@house.gov,358-41-9278
355,Lona,Van de Castele,lvandecastele9u@pcworld.com,532-48-3892
356,Jacob,Berrey,jberrey9v@craigslist.org,751-30-5660
357,Wynn,Handley,whandley9w@mac.com,263-35-2986
358,Knox,Toopin,ktoopin9x@sohu.com,162-66-8987
359,Gena,Sherrock,gsherrock9y@craigslist.org,467-82-6100
360,Archie,Sandever,asandever9z@nhs.uk,273-07-2585
361,Maureene,Huckerbe,mhuckerbea0@ezinearticles.com,798-56-7478
362,Jonathon,Iseton,jisetona1@oaic.gov.au,689-48-3591
363,Corene,Drewson,cdrewsona2@ed.gov,831-39-4749
364,Esme,Christoforou,echristoforoua3@usa.gov,622-21-9554
365,Brier,Rudman,brudmana4@shinystat.com,646-68-2705
366,Korney,Tiptaft,ktiptafta5@barnesandnoble.com,497-54-5102
367,Enriqueta,Brook,ebrooka6@youtube.com,189-59-6678
368,Regen,Cromwell,rcromwella7@sun.com,389-96-8859
369,Bunny,Curthoys,bcurthoysa8@amazon.com,433-06-3420
370,Meryl,Cessford,mcessforda9@mapquest.com,360-18-8523
371,Goran,Nolte,gnolteaa@networksolutions.com,122-71-3094
372,Sonny,Fallowfield,sfallowfieldab@tripod.com,458-69-5956
373,Gus,Tilne,gtilneac@mlb.com,324-03-9553
374,Haroun,Van den Hof,hvandenhofad@spiegel.de,842-76-7363
375,Lishe,Cawthery,lcawtheryae@columbia.edu,393-53-2655
376,Chantal,Pardy,cpardyaf@wired.com,831-14-0059
377,Dannie,Besque,dbesqueag@cdbaby.com,428-05-9193
378,Shamus,Bonsey,sbonseyah@sciencedaily.com,218-62-6058
379,Petey,Espadater,pespadaterai@indiegogo.com,396-56-1123
380,Idalia,Sansome,isansomeaj@newsvine.com,680-22-0253
381,Nadya,Durran,ndurranak@stanford.edu,472-63-0923
382,Corby,Poor,cpooral@soundcloud.com,605-32-7172
383,Lorraine,Copper,lcopperam@hibu.com,253-30-1684
384,Zacharia,Findlay,zfindlayan@wikispaces.com,766-80-0781
385,Dareen,Hrinchishin,dhrinchishinao@virginia.edu,726-03-2539
386,Pier,Wharlton,pwharltonap@dedecms.com,149-41-0403
387,Myranda,Gartery,mgarteryaq@bloglines.com,116-14-7289
388,Terese,Domenget,tdomengetar@amazon.com,248-72-3909
389,Alfreda,Rohlf,arohlfas@diigo.com,223-09-3635
390,Rabi,Swinerd,rswinerdat@bloomberg.com,626-12-5994
391,Modestia,Davidovicz,mdavidoviczau@sourceforge.net,233-36-6815
392,Dana,Sauvage,dsauvageav@last.fm,863-37-8624
393,Mohandis,Walstow,mwalstowaw@tiny.cc,121-93-9721
394,Sandie,Maliffe,smaliffeax@1688.com,240-79-8942
395,Farleigh,Dibbe,fdibbeay@tuttocitta.it,842-96-3045
396,Johan,Ovid,jovidaz@123-reg.co.uk,192-15-0522
397,Ally,Checcuzzi,acheccuzzib0@twitpic.com,509-97-9980
398,Asa,Hylden,ahyldenb1@nps.gov,255-99-8889
399,Torin,Pryde,tprydeb2@wordpress.org,710-12-7072
400,Inness,Kearns,ikearnsb3@psu.edu,537-03-3360
401,Waylan,Vesco,wvescob4@umich.edu,353-08-0725
402,Clay,O' Clovan,coclovanb5@google.cn,449-85-0381
403,Brandtr,Cayzer,bcayzerb6@purevolume.com,321-71-4685
404,Hetty,Goskar,hgoskarb7@tripod.com,215-29-9587
405,Neal,Tough,ntoughb8@webmd.com,863-85-5569
406,Roddie,Binks,rbinksb9@acquirethisname.com,508-46-9546
407,Elfie,Trenouth,etrenouthba@nps.gov,104-50-3065
408,Frederico,Skivington,fskivingtonbb@craigslist.org,888-02-5145
409,Pepi,Epsley,pepsleybc@etsy.com,107-61-6779
410,Hermione,Scholard,hscholardbd@hp.com,481-03-9853
411,Gene,De Maria,gdemariabe@moonfruit.com,661-84-3933
412,Rosa,Steventon,rsteventonbf@goodreads.com,541-43-5498
413,Hyacinthe,Finden,hfindenbg@cam.ac.uk,867-30-3686
414,Ward,Culter,wculterbh@eventbrite.com,609-23-8473
415,Terrye,Rycroft,trycroftbi@wikia.com,299-02-3417
416,Osborne,Marling,omarlingbj@indiatimes.com,515-06-5729
417,Nadean,Brettelle,nbrettellebk@indiatimes.com,432-75-8611
418,Rod,Dade,rdadebl@is.gd,555-53-1329
419,Ferdy,Berrow,fberrowbm@ow.ly,633-19-5149
420,Christye,Basten,cbastenbn@admin.ch,579-26-1190
421,Vicki,Norvell,vnorvellbo@indiegogo.com,713-13-7522
422,Pepita,Golsthorp,pgolsthorpbp@cam.ac.uk,427-73-8636
423,Dickie,Lewsey,dlewseybq@wisc.edu,811-15-5062
424,Bianka,Whissell,bwhissellbr@dot.gov,503-13-2196
425,Avram,Jolliff,ajolliffbs@icio.us,275-32-2891
426,Hinze,Whiten,hwhitenbt@prweb.com,113-66-2678
427,Tiebout,Stedall,tstedallbu@geocities.jp,890-56-4944
428,Lorin,Thandi,lthandibv@networkadvertising.org,731-84-6425
429,Hastings,Lasham,hlashambw@prlog.org,601-80-7440
430,Artair,Fairfoul,afairfoulbx@printfriendly.com,844-52-5683
431,Juline,Conybear,jconybearby@time.com,307-53-1917
432,Manya,Scholtis,mscholtisbz@com.com,262-81-9878
433,Breena,Armatage,barmatagec0@nifty.com,698-62-4717
434,Val,Bartolomucci,vbartolomuccic1@last.fm,667-88-1231
435,Clay,Batie,cbatiec2@time.com,648-88-1470
436,Say,Champley,schampleyc3@tripadvisor.com,379-16-2035
437,Vic,Westmore,vwestmorec4@cyberchimps.com,289-18-4839
438,Deeyn,Playdon,dplaydonc5@histats.com,138-38-0522
439,Lars,Hagan,lhaganc6@cargocollective.com,549-04-5567
440,Weylin,O'Brogane,wobroganec7@issuu.com,553-07-7375
441,Rahel,Plaunch,rplaunchc8@washingtonpost.com,879-45-8652
442,Imogen,Killingbeck,ikillingbeckc9@studiopress.com,611-67-0735
443,Virge,Farny,vfarnyca@springer.com,605-32-7338
444,Donetta,Grain,dgraincb@shutterfly.com,793-75-2654
445,Mirabelle,Moger,mmogercc@netvibes.com,712-28-3086
446,Verile,Gooms,vgoomscd@skyrock.com,815-28-8636
447,Olva,Itscovitz,oitscovitzce@xinhuanet.com,125-49-7141
448,Hammad,Hearsey,hhearseycf@aol.com,478-38-3513
449,Candide,Saill,csaillcg@freewebs.com,712-81-9616
450,Robin,Rofe,rrofech@harvard.edu,107-51-5239
451,Bellanca,Aslet,basletci@oaic.gov.au,409-53-7240
452,Olga,Courtois,ocourtoiscj@cisco.com,298-01-7085
453,Micky,Deeks,mdeeksck@webmd.com,496-84-9024
454,Fanchon,Roby,frobycl@tripod.com,387-99-1317
455,Laney,Skatcher,lskatchercm@reddit.com,147-32-7132
456,Chuck,Tonkin,ctonkincn@moonfruit.com,191-65-3343
457,Steward,Blaxton,sblaxtonco@wikimedia.org,524-73-1918
458,Ddene,Klee,dkleecp@t.co,401-06-0397
459,Arabele,Jollands,ajollandscq@disqus.com,137-58-6628
460,Danila,Dell'Abbate,ddellabbatecr@hc360.com,628-72-0348
461,Etan,Strangman,estrangmancs@state.tx.us,326-75-4002
462,Theo,Searle,tsearlect@4shared.com,527-94-4243
463,Lauri,Flaws,lflawscu@accuweather.com,520-70-8580
464,Terrill,Longson,tlongsoncv@psu.edu,752-60-9414
465,Teresita,Proby,tprobycw@last.fm,663-58-4857
466,Danya,Sheals,dshealscx@nyu.edu,776-57-5762
467,Dalia,Dartnall,ddartnallcy@pinterest.com,475-64-8940
468,Dulcie,Lamba,dlambacz@topsy.com,402-59-0047
469,Cullan,Hassan,chassand0@sakura.ne.jp,641-43-5945
470,Dom,Leethem,dleethemd1@domainmarket.com,773-07-5349
471,Conant,Linstead,clinsteadd2@fda.gov,432-37-5801
472,Hartwell,Sharratt,hsharrattd3@huffingtonpost.com,620-76-8953
473,Padraic,Haxley,phaxleyd4@phoca.cz,139-39-8289
474,Norris,Berfoot,nberfootd5@ebay.co.uk,866-89-2730
475,Freda,Kopta,fkoptad6@cyberchimps.com,667-60-3736
476,Sinclare,Weben,swebend7@arstechnica.com,551-41-9464
477,Julina,Broadis,jbroadisd8@youtu.be,766-08-3862
478,Nadean,Chern,nchernd9@deviantart.com,207-45-6431
479,Amity,Degoey,adegoeyda@skyrock.com,743-70-6899
480,Moshe,Orange,morangedb@ox.ac.uk,768-59-0949
481,Carry,Villaret,cvillaretdc@friendfeed.com,494-35-5483
482,Tansy,De Marchi,tdemarchidd@hatena.ne.jp,118-62-2427
483,Faydra,Sterzaker,fsterzakerde@ovh.net,878-26-4995
484,Ninnetta,Jonke,njonkedf@nsw.gov.au,257-94-5157
485,Benny,Easter,beasterdg@dyndns.org,643-20-2039
486,Jerrilyn,Mutton,jmuttondh@foxnews.com,511-31-9079
487,Vachel,Reford,vreforddi@hp.com,441-18-0201
488,Alethea,Huyton,ahuytondj@flickr.com,658-14-4585
489,Juan,Soloway,jsolowaydk@hostgator.com,278-29-0705
490,Kaile,Strete,kstretedl@unicef.org,179-29-3020
491,Panchito,Sancias,psanciasdm@zdnet.com,458-09-4445
492,Bailie,Prendergrass,bprendergrassdn@washington.edu,600-59-6230
493,Jodi,Gotcliff,jgotcliffdo@cargocollective.com,720-04-6909
494,Mae,Cater,mcaterdp@stanford.edu,627-70-5866
495,Mal,Larchiere,mlarchieredq@woothemes.com,493-25-5885
496,Lucretia,Pohling,lpohlingdr@yellowpages.com,104-19-6245
497,Joycelin,Catterill,jcatterillds@shop-pro.jp,250-78-2015
498,Kelli,Alfonzo,kalfonzodt@oracle.com,847-75-9089
499,Toni,Rudiger,trudigerdu@psu.edu,565-75-7479
500,Kelila,Fransinelli,kfransinellidv@twitpic.com,891-48-4049
501,Thorvald,Kenway,tkenwaydw@mtv.com,831-22-0066
502,Diane-marie,Rabbitts,drabbittsdx@yandex.ru,342-98-0838
503,Minny,Desbrow,mdesbrowdy@buzzfeed.com,572-04-0099
504,Bibbie,Alfonsetti,balfonsettidz@biblegateway.com,456-79-7756
505,Vivi,Balcers,vbalcerse0@fotki.com,360-41-6932
506,Sigmund,Franzotto,sfranzottoe1@istockphoto.com,488-86-9549
507,Kristos,Wheldon,kwheldone2@who.int,170-69-9907
508,Nicola,Quincee,nquinceee3@technorati.com,252-01-1784
509,Elmer,McSkin,emcskine4@scribd.com,471-52-5282
510,Mallory,Doldon,mdoldone5@ehow.com,768-27-8133
511,Bunny,Dowle,bdowlee6@fotki.com,697-33-5720
512,Abrahan,Reast,areaste7@fc2.com,371-23-8120
513,Barry,Schneidau,bschneidaue8@webeden.co.uk,725-13-0324
514,Griff,Palumbo,gpalumboe9@xrea.com,598-18-9833
515,Miquela,Mulliner,mmullinerea@bbc.co.uk,372-50-4146
516,Gottfried,Tibb,gtibbeb@berkeley.edu,626-96-7630
517,Etti,Albasini,ealbasiniec@zimbio.com,718-61-8538
518,Magdalene,Lytlle,mlytlleed@dailymail.co.uk,117-09-4148
519,Chevalier,Labarre,clabarreee@symantec.com,577-58-7727
520,Laetitia,Hulks,lhulksef@blogs.com,494-03-9749
521,Dione,Van Leijs,dvanleijseg@opera.com,439-45-9059
522,Laurene,Rubenchik,lrubenchikeh@bloglines.com,575-02-9840
523,Raye,Linnane,rlinnaneei@ocn.ne.jp,491-56-2576
524,Jennie,Knibley,jknibleyej@guardian.co.uk,667-73-3729
525,Tobie,Cronin,tcroninek@google.com,150-30-7799
526,Cordelie,Hammatt,chammattel@msn.com,768-86-6436
527,Teodoro,Corkish,tcorkishem@irs.gov,191-10-2613
528,Vinny,Mee,vmeeen@jigsy.com,565-13-8674
529,Randal,Allcroft,rallcrofteo@kickstarter.com,722-62-0673
530,Julian,Balint,jbalintep@admin.ch,745-46-8566
531,Justinian,Oakenfield,joakenfieldeq@reddit.com,740-18-5229
532,Alane,Louedey,alouedeyer@soup.io,441-14-2344
533,Ainsley,Southeran,asoutheranes@princeton.edu,870-67-8992
534,Timmy,Messer,tmesseret@forbes.com,289-06-8193
535,Daveta,Vlasyuk,dvlasyukeu@geocities.jp,302-79-2325
536,Felita,Pappin,fpappinev@liveinternet.ru,304-38-6148
537,Dolly,Dobbie,ddobbieew@shareasale.com,872-40-5382
538,Rossie,MacHostie,rmachostieex@webeden.co.uk,868-97-0377
539,Barbara,Reimers,breimersey@va.gov,648-31-6053
540,Lazaro,Winsbury,lwinsburyez@nymag.com,845-12-6397
541,Jonis,Pairpoint,jpairpointf0@kickstarter.com,248-33-6030
542,Patten,Croote,pcrootef1@indiatimes.com,219-13-4565
543,Adriaens,Zanassi,azanassif2@stumbleupon.com,800-24-6247
544,Nannie,Baldi,nbaldif3@si.edu,612-95-9945
545,Modestine,Earl,mearlf4@ustream.tv,393-74-7685
546,Sileas,Babar,sbabarf5@addtoany.com,436-67-0127
547,Becki,Dalligan,bdalliganf6@dyndns.org,713-68-3929
548,Francis,Poncet,fponcetf7@clickbank.net,562-38-6748
549,Brooke,Bewley,bbewleyf8@webeden.co.uk,856-19-0730
550,Engracia,Spellessy,espellessyf9@samsung.com,593-49-3438
551,Ainslie,Guare,aguarefa@fc2.com,852-68-3982
552,Renaud,Haldane,rhaldanefb@e-recht24.de,254-14-3794
553,Stephanus,Venditti,svendittifc@sun.com,262-02-9229
554,Chrysa,Jouaneton,cjouanetonfd@deliciousdays.com,600-20-9346
555,Arabella,Dmitrichenko,admitrichenkofe@webnode.com,745-97-4329
556,Dorothy,Trim,dtrimff@instagram.com,302-12-8592
557,Kendell,Trenaman,ktrenamanfg@nih.gov,474-01-9069
558,Katrine,Balden,kbaldenfh@purevolume.com,730-48-8514
559,Tybalt,Burbidge,tburbidgefi@accuweather.com,571-18-8733
560,Brandon,Trangmar,btrangmarfj@1688.com,408-76-3637
561,Leone,Cullinan,lcullinanfk@dmoz.org,206-38-3178
562,Helen-elizabeth,Trevallion,htrevallionfl@independent.co.uk,391-63-2259
563,Cherise,Flann,cflannfm@addthis.com,222-64-9733
564,Sidnee,Kennaird,skennairdfn@oakley.com,323-49-8087
565,Benoite,Naulty,bnaultyfo@elegantthemes.com,530-78-7768
566,Kaia,Lauchlan,klauchlanfp@people.com.cn,205-08-0304
567,Hall,Claye,hclayefq@weebly.com,272-25-8976
568,Andree,Bouzan,abouzanfr@cocolog-nifty.com,767-14-9771
569,Hedda,McBrier,hmcbrierfs@t-online.de,877-08-5933
570,Ignacio,Tolliday,itollidayft@geocities.jp,658-43-9403
571,Kip,Mellanby,kmellanbyfu@plala.or.jp,258-46-4417
572,Arline,Gullam,agullamfv@imageshack.us,744-57-2448
573,Ruth,Ibbs,ribbsfw@soundcloud.com,821-12-6237
574,Caria,Spellsworth,cspellsworthfx@dyndns.org,371-96-6139
575,Alessandro,Zannini,azanninify@usda.gov,333-45-1477
576,Jonathon,Linturn,jlinturnfz@jiathis.com,659-01-4918
577,Robb,Stoneley,rstoneleyg0@blogger.com,411-92-2895
578,Jourdan,Kunkel,jkunkelg1@yahoo.co.jp,525-78-6509
579,Creight,Thurnham,cthurnhamg2@nsw.gov.au,382-36-9351
580,Homere,Penreth,hpenrethg3@answers.com,359-38-9291
581,Krysta,Blackmuir,kblackmuirg4@statcounter.com,516-95-8508
582,Brian,Cranidge,bcranidgeg5@imdb.com,843-61-6120
583,Emmott,Wiltshire,ewiltshireg6@nsw.gov.au,769-74-9289
584,Marian,Andric,mandricg7@senate.gov,557-49-5131
585,Giulio,Leneham,glenehamg8@yellowpages.com,372-22-1048
586,Fowler,O'Harney,foharneyg9@mayoclinic.com,866-76-7043
587,Serene,Beckles,sbecklesga@marketwatch.com,544-32-2337
588,Dallon,Westnedge,dwestnedgegb@wordpress.com,695-98-2623
589,Marissa,Trouel,mtrouelgc@stanford.edu,584-78-2526
590,Melinda,Linnitt,mlinnittgd@usda.gov,415-26-4382
591,Leoine,Colebourne,lcolebournege@tinypic.com,430-55-9416
592,Rollin,Culross,rculrossgf@businessinsider.com,122-67-0949
593,Kittie,Searsby,ksearsbygg@chron.com,836-44-1971
594,Sammie,Lyles,slylesgh@qq.com,120-64-8430
595,Herman,Werndley,hwerndleygi@histats.com,582-07-2849
596,Trixy,Legh,tleghgj@psu.edu,604-18-0969
597,Nona,De Gregorio,ndegregoriogk@nyu.edu,430-89-5261
598,Emlyn,Shaddock,eshaddockgl@instagram.com,858-97-2731
599,Perceval,Masters,pmastersgm@telegraph.co.uk,785-82-6336
600,Windy,Pratton,wprattongn@state.tx.us,693-55-4419
601,Jobey,Kyffin,jkyffingo@businesswire.com,696-27-7783
602,Elnore,Fyldes,efyldesgp@nba.com,264-22-4836
603,Ursa,Mebes,umebesgq@sfgate.com,511-79-3613
604,Kelley,Hallas,khallasgr@godaddy.com,799-43-2718
605,Kirsti,Fellowes,kfellowesgs@hud.gov,785-67-0301
606,Celinda,Whal,cwhalgt@google.it,560-45-1460
607,Mame,Kinver,mkinvergu@discuz.net,476-70-8789
608,Lorianne,Panniers,lpanniersgv@newyorker.com,727-99-7836
609,Charmain,Habergham,chaberghamgw@hibu.com,538-59-2141
610,Josepha,MacAnulty,jmacanultygx@google.com.br,616-02-2697
611,Chadwick,De Cruce,cdecrucegy@angelfire.com,219-18-8764
612,Kalle,Blakes,kblakesgz@shareasale.com,421-95-1075
613,Kylie,Finlaison,kfinlaisonh0@slideshare.net,272-28-2953
614,Jase,Skones,jskonesh1@ask.com,194-25-0809
615,Roselle,Gleave,rgleaveh2@aboutads.info,354-70-1312
616,Michelina,Eccleston,mecclestonh3@hexun.com,663-59-7802
617,Cash,Fellgett,cfellgetth4@sohu.com,893-86-4275
618,Meagan,Matveyev,mmatveyevh5@cloudflare.com,869-93-5071
619,Trenton,Lewsey,tlewseyh6@booking.com,442-89-1820
620,Clementina,Feld,cfeldh7@statcounter.com,561-82-9765
621,Yance,Sebring,ysebringh8@netscape.com,332-02-5380
622,Davide,Shepton,dsheptonh9@hugedomains.com,166-78-8132
623,Melita,Andriss,mandrissha@amazon.de,457-64-8955
624,Verena,Haugen,vhaugenhb@newyorker.com,572-45-6427
625,Bone,Sibylla,bsibyllahc@jiathis.com,837-14-9201
626,Georgeanne,Bassom,gbassomhd@prweb.com,899-64-9427
627,Cirilo,Lavallie,clavalliehe@istockphoto.com,514-38-9241
628,Arlinda,Depport,adepporthf@umn.edu,501-99-7169
629,Roxanne,Edmenson,redmensonhg@blogger.com,706-12-5283
630,Benedict,Dusting,bdustinghh@themeforest.net,466-14-6371
631,Winn,Downton,wdowntonhi@guardian.co.uk,356-28-1552
632,Therese,Gallard,tgallardhj@privacy.gov.au,223-25-1261
633,Jehu,Welford,jwelfordhk@dagondesign.com,744-63-2038
634,Aron,Steutly,asteutlyhl@csmonitor.com,612-25-2450
635,Mercie,Raveau,mraveauhm@dailymotion.com,535-50-8235
636,Orelle,Fidgett,ofidgetthn@walmart.com,473-39-8490
637,Jannel,Purches,jpurchesho@123-reg.co.uk,318-04-2251
638,Marcelle,Cousen,mcousenhp@surveymonkey.com,493-41-8322
639,Robinetta,Roskam,rroskamhq@skyrock.com,215-27-7226
640,Karlee,Edworthye,kedworthyehr@wired.com,644-92-4085
641,Patric,Tomaino,ptomainohs@shareasale.com,770-35-5046
642,Fowler,Buncom,fbuncomht@chicagotribune.com,229-27-9809
643,Gan,Coulson,gcoulsonhu@moonfruit.com,772-75-0755
644,Gerti,Foyston,gfoystonhv@ovh.net,597-76-0827
645,Mariejeanne,Scouller,mscoullerhw@g.co,658-51-3426
646,Peria,Heiner,pheinerhx@psu.edu,162-91-3697
647,Ortensia,Lowerson,olowersonhy@smugmug.com,780-96-0590
648,Ebenezer,Hyder,ehyderhz@intel.com,206-86-9121
649,Lee,Roots,lrootsi0@deviantart.com,519-91-1064
650,Leoine,Cardew,lcardewi1@unesco.org,885-26-0284
651,Faustine,MacDirmid,fmacdirmidi2@mapy.cz,674-60-7271
652,Rosalia,Szymczyk,rszymczyki3@cocolog-nifty.com,178-97-2127
653,Poul,Shedden,psheddeni4@hhs.gov,579-22-6483
654,Filippa,Ebsworth,febsworthi5@meetup.com,826-33-7668
655,Pennie,Langelay,plangelayi6@instagram.com,888-73-9365
656,Freeman,Dowda,fdowdai7@g.co,170-22-4012
657,Reuven,Ferrotti,rferrottii8@booking.com,426-80-7626
658,Addia,Herley,aherleyi9@spotify.com,779-24-7979
659,Cordie,McFetrich,cmcfetrichia@furl.net,444-48-3943
660,Dalton,Guitt,dguittib@printfriendly.com,595-10-3973
661,Lonnard,Buckner,lbuckneric@ameblo.jp,398-43-7236
662,Gustaf,Kubczak,gkubczakid@tiny.cc,862-98-0596
663,Derek,Crysell,dcrysellie@discovery.com,628-51-9693
664,Truman,Wimms,twimmsif@nature.com,826-45-2070
665,Marja,Sexty,msextyig@reddit.com,267-15-8832
666,Francisca,Barkshire,fbarkshireih@opera.com,212-85-7906
667,Ardelis,Bickerton,abickertonii@google.com.hk,858-52-2046
668,Eliot,Palomba,epalombaij@infoseek.co.jp,733-04-4831
669,Joshuah,Rich,jrichik@slate.com,356-40-1430
670,Melitta,Seide,mseideil@histats.com,598-63-7184
671,Kelcey,Aimeric,kaimericim@springer.com,160-41-3319
672,Kendell,Ramm,krammin@answers.com,303-72-5026
673,Miguela,Busse,mbusseio@a8.net,561-89-8197
674,Prisca,Mattusov,pmattusovip@jugem.jp,358-82-7632
675,Estella,Andrzejczak,eandrzejczakiq@naver.com,477-90-9728
676,Bernardina,Rubinovici,brubinoviciir@archive.org,650-16-5555
677,Bert,Scamerden,bscamerdenis@rakuten.co.jp,682-21-5451
678,Helene,Pergens,hpergensit@fotki.com,720-30-7064
679,Nels,Kynton,nkyntoniu@meetup.com,457-94-5423
680,Carlie,Sodor,csodoriv@cdbaby.com,563-25-1787
681,Hale,Sansome,hsansomeiw@china.com.cn,164-51-4749
682,Dimitry,Ingledow,dingledowix@ovh.net,665-85-1897
683,Lilllie,Mixture,lmixtureiy@goo.gl,616-11-8071
684,Iseabal,Manolov,imanoloviz@patch.com,799-21-2781
685,Emilio,Cadalleder,ecadallederj0@blinklist.com,542-77-6978
686,Tabitha,Wohlers,twohlersj1@cbslocal.com,125-31-9577
687,Kaitlin,Ridwood,kridwoodj2@drupal.org,585-11-7538
688,Ingelbert,de Aguirre,ideaguirrej3@accuweather.com,550-97-2951
689,Gordon,Pedden,gpeddenj4@gmpg.org,572-82-9615
690,Tawnya,Gairdner,tgairdnerj5@meetup.com,739-75-6116
691,Benton,Featherstone,bfeatherstonej6@wp.com,310-73-3126
692,Roshelle,Batie,rbatiej7@slideshare.net,317-05-9116
693,Rennie,Murfin,rmurfinj8@aol.com,403-47-0758
694,Brewster,Hadigate,bhadigatej9@list-manage.com,524-49-2800
695,Ashlin,Mollatt,amollattja@ed.gov,343-08-0107
696,Logan,Mandifield,lmandifieldjb@biblegateway.com,228-27-1544
697,Lamont,Shmyr,lshmyrjc@omniture.com,792-87-8757
698,Tobiah,Adriano,tadrianojd@blogger.com,500-78-4251
699,Mildred,Hanna,mhannaje@blogs.com,477-36-2929
700,Cobbie,Stembridge,cstembridgejf@constantcontact.com,664-19-3067
701,Gradey,Fetherston,gfetherstonjg@intel.com,206-93-7455
702,Albina,Rewcastle,arewcastlejh@dailymotion.com,556-93-4864
703,Barnett,Pobjay,bpobjayji@themeforest.net,270-35-7612
704,Townsend,Gotthard.sf,tgotthardsfjj@bandcamp.com,422-67-5750
705,Jarad,Lumbly,jlumblyjk@stanford.edu,556-27-8902
706,Fitz,Nesbitt,fnesbittjl@163.com,469-54-0856
707,Editha,Guyton,eguytonjm@wiley.com,383-30-4740
708,Deina,Janczak,djanczakjn@tinypic.com,565-94-6864
709,Flss,Keeltagh,fkeeltaghjo@plala.or.jp,352-46-4712
710,Ceil,Spadazzi,cspadazzijp@webs.com,148-90-3058
711,Tarrance,Gavrielly,tgavriellyjq@imgur.com,858-15-0767
712,Nona,Braisted,nbraistedjr@japanpost.jp,695-65-0892
713,Mar,de Wilde,mdewildejs@mozilla.org,872-59-7419
714,Anabelle,Gourlie,agourliejt@tiny.cc,458-41-7548
715,Tadeas,Gabbitis,tgabbitisju@smugmug.com,786-71-5036
716,Gardiner,Orrick,gorrickjv@disqus.com,881-22-5455
717,Caria,Jadczak,cjadczakjw@unesco.org,129-07-9418
718,Abeu,Ranyell,aranyelljx@example.com,141-69-0373
719,Jennica,Gueinn,jgueinnjy@yahoo.co.jp,159-87-5342
720,Anthea,Sharplin,asharplinjz@goo.ne.jp,211-36-5523
721,Caro,Brankley,cbrankleyk0@yolasite.com,880-06-6876
722,Pat,Faires,pfairesk1@wikispaces.com,455-72-6692
723,Dickie,Wilmott,dwilmottk2@eventbrite.com,510-98-0915
724,Mattias,Heads,mheadsk3@t.co,270-90-8637
725,Janith,Jess,jjessk4@shinystat.com,434-22-6745
726,Sybille,Blanden,sblandenk5@devhub.com,588-11-5063
727,Aurora,Stout,astoutk6@google.ru,393-90-0756
728,Ronnica,Tisor,rtisork7@nbcnews.com,747-68-0330
729,Wynn,Roo,wrook8@theglobeandmail.com,577-98-5931
730,Stanley,Gumm,sgummk9@ibm.com,461-58-1723
731,Pierson,Edwardes,pedwardeska@state.tx.us,469-16-5763
732,Celisse,Blitz,cblitzkb@icq.com,271-14-2665
733,Joelynn,Brunn,jbrunnkc@csmonitor.com,779-87-6764
734,Marla,Hambling,mhamblingkd@hostgator.com,437-04-3649
735,Celisse,Bolam,cbolamke@sourceforge.net,231-08-1369
736,Noble,Czajkowski,nczajkowskikf@chronoengine.com,665-37-7395
737,Hendrik,Lahive,hlahivekg@amazon.co.uk,877-55-5365
738,Trey,Barnfather,tbarnfatherkh@linkedin.com,625-04-9986
739,Mohandis,Monckman,mmonckmanki@skyrock.com,393-55-4514
740,Bengt,Giacomoni,bgiacomonikj@1688.com,146-36-4073
741,Gun,Duester,gduesterkk@google.fr,858-14-2958
742,Ruthann,Jzhakov,rjzhakovkl@answers.com,425-24-7432
743,Herold,Kobieriecki,hkobierieckikm@pagesperso-orange.fr,569-49-9997
744,Roslyn,Hames,rhameskn@umn.edu,750-12-9935
745,Binky,Likly,bliklyko@cocolog-nifty.com,122-49-4216
746,Art,Mackieson,amackiesonkp@craigslist.org,108-46-5098
747,Cherrita,Stetson,cstetsonkq@posterous.com,687-65-4692
748,Ami,Stroulger,astroulgerkr@senate.gov,881-26-3676
749,Wake,Goodban,wgoodbanks@cpanel.net,462-90-3055
750,Ulrika,Malby,umalbykt@msn.com,466-99-4673
751,Lorinda,Phython,lphythonku@tiny.cc,871-58-4712
752,Ginnifer,Comar,gcomarkv@sun.com,784-51-4273
753,Maddi,Buckmaster,mbuckmasterkw@microsoft.com,593-20-3870
754,Stafford,Howatt,showattkx@canalblog.com,729-80-8125
755,Keenan,Yurlov,kyurlovky@php.net,810-70-5588
756,Patrice,McSweeney,pmcsweeneykz@arizona.edu,477-86-7465
757,Iorgos,Biggerstaff,ibiggerstaffl0@mac.com,358-46-4923
758,Hervey,Abbis,habbisl1@storify.com,672-26-4804
759,Hilde,De Francesco,hdefrancescol2@blog.com,507-29-3729
760,Lorri,Verrill,lverrilll3@narod.ru,128-35-6603
761,Currey,Gumly,cgumlyl4@nymag.com,755-85-0180
762,Jannelle,Scrammage,jscrammagel5@pinterest.com,771-15-3011
763,Sherwynd,Quenby,squenbyl6@berkeley.edu,540-63-5450
764,Eda,Lowcock,elowcockl7@ustream.tv,552-22-8328
765,Blisse,Gotmann,bgotmannl8@imageshack.us,787-08-9336
766,Shelley,Mumberson,smumbersonl9@engadget.com,878-86-5057
767,Cristian,Buckner,cbucknerla@sphinn.com,212-31-7298
768,Cornelle,Birt,cbirtlb@guardian.co.uk,698-51-4655
769,Rriocard,Silversmid,rsilversmidlc@redcross.org,568-17-4945
770,Ardelia,Davie,adavield@dmoz.org,468-17-0761
771,Rayna,Weeke,rweekele@time.com,382-15-8630
772,Zorine,Mauvin,zmauvinlf@hatena.ne.jp,313-31-1376
773,Trefor,Burrows,tburrowslg@drupal.org,695-11-8826
774,Catriona,Alten,caltenlh@hugedomains.com,222-51-6235
775,Fania,Grishankov,fgrishankovli@patch.com,883-75-7536
776,Fayina,Brimley,fbrimleylj@netlog.com,852-07-5425
777,Charyl,Hamblin,chamblinlk@fc2.com,406-38-1940
778,Eveleen,Simonnin,esimonninll@google.co.uk,591-64-1621
779,Lacy,Taleworth,ltaleworthlm@ucla.edu,585-68-6104
780,Louisette,Ridout,lridoutln@globo.com,787-22-2814
781,Randie,West-Frimley,rwestfrimleylo@economist.com,492-38-3680
782,Alix,Brimelow,abrimelowlp@pbs.org,730-25-4424
783,Edan,Feild,efeildlq@europa.eu,466-88-5584
784,Erwin,Schlagman,eschlagmanlr@foxnews.com,868-30-5603
785,Skylar,Ferraro,sferrarols@chronoengine.com,551-76-6516
786,Bil,Campelli,bcampellilt@devhub.com,708-61-5349
787,Theodore,Maylard,tmaylardlu@about.com,319-03-6946
788,Ermengarde,Simmonett,esimmonettlv@pinterest.com,846-74-0585
789,Maisey,Newcom,mnewcomlw@oracle.com,364-87-5815
790,Bern,Blurton,bblurtonlx@php.net,665-62-2125
791,Camile,Tanby,ctanbyly@discuz.net,635-12-4902
792,Adair,Dysart,adysartlz@odnoklassniki.ru,474-65-1735
793,Pen,Bernard,pbernardm0@booking.com,729-65-2224
794,Skell,De la Zenne,sdelazennem1@yelp.com,238-61-3275
795,Rodie,Grass,rgrassm2@netvibes.com,664-43-0492
796,Kristyn,Cabena,kcabenam3@studiopress.com,189-10-2057
797,Michelle,Rapp,mrappm4@biglobe.ne.jp,802-87-2397
798,Veronique,Martin,vmartinm5@columbia.edu,799-25-6054
799,Zia,Sivior,zsiviorm6@blogs.com,757-32-7327
800,Mathilda,Nardrup,mnardrupm7@google.com,191-24-3607
801,Pryce,Lansley,plansleym8@163.com,873-76-7312
802,Olva,Robun,orobunm9@homestead.com,245-43-2730
803,Chic,Brosio,cbrosioma@hp.com,532-01-9529
804,Eduard,Wyburn,ewyburnmb@abc.net.au,424-84-2246
805,Terrie,Sanper,tsanpermc@godaddy.com,430-53-5769
806,Leone,Lyokhin,llyokhinmd@biglobe.ne.jp,370-85-9811
807,Zena,Dalrymple,zdalrympleme@goodreads.com,146-47-5067
808,Ddene,Cotgrove,dcotgrovemf@elegantthemes.com,887-67-3667
809,Daisie,Lethem,dlethemmg@guardian.co.uk,226-20-3762
810,Dietrich,Trubshaw,dtrubshawmh@networksolutions.com,692-52-3457
811,Adele,Rumsey,arumseymi@quantcast.com,651-57-6591
812,Raphaela,Gouthier,rgouthiermj@alexa.com,280-55-6376
813,Dani,Fliege,dfliegemk@elpais.com,820-97-9255
814,Lewie,Rissom,lrissomml@google.co.jp,844-13-7242
815,Maximilien,Henkens,mhenkensmm@google.co.uk,734-90-4117
816,Andra,Gullan,agullanmn@dion.ne.jp,197-62-9969
817,Orren,Cayley,ocayleymo@ustream.tv,447-91-7449
818,Amby,Smogur,asmogurmp@indiegogo.com,325-66-9685
819,Joyan,Flack,jflackmq@statcounter.com,304-51-7149
820,Jemmy,Haskayne,jhaskaynemr@reference.com,580-16-8903
821,Margi,Lindro,mlindroms@opensource.org,183-77-0788
822,Kirbie,Northcliffe,knorthcliffemt@linkedin.com,380-66-5457
823,Stanislaus,Cristea,scristeamu@sitemeter.com,880-79-0713
824,Danell,McMillan,dmcmillanmv@yolasite.com,529-21-2236
825,Adelaide,Pinhorn,apinhornmw@china.com.cn,335-13-8030
826,Letta,Gleed,lgleedmx@prlog.org,585-63-8643
827,Debora,Boyland,dboylandmy@businesswire.com,827-35-4004
828,Stacie,Grunwall,sgrunwallmz@mashable.com,160-62-0343
829,Luis,Mager,lmagern0@globo.com,246-05-4246
830,Urban,Spurrier,uspurriern1@wired.com,871-35-7958
831,Sande,Seckom,sseckomn2@theguardian.com,433-10-3622
832,Krystle,Heffernon,kheffernonn3@weebly.com,824-21-4768
833,Mehetabel,Copes,mcopesn4@shutterfly.com,330-26-0926
834,Maighdiln,Flannery,mflanneryn5@tinyurl.com,663-06-5630
835,Artemas,Gateley,agateleyn6@scientificamerican.com,191-09-2470
836,Ario,Delgua,adelguan7@economist.com,361-22-5189
837,Jesselyn,Sibbe,jsibben8@buzzfeed.com,134-94-4217
838,Kingsly,Probbing,kprobbingn9@foxnews.com,732-31-2465
839,Lynnette,Heathwood,lheathwoodna@guardian.co.uk,610-92-9272
840,Leeland,Bambridge,lbambridgenb@networksolutions.com,491-53-2916
841,Tuck,Luckwell,tluckwellnc@discovery.com,410-32-5617
842,Cassaundra,McGennis,cmcgennisnd@berkeley.edu,121-38-9931
843,Charlton,Ouldcott,couldcottne@cocolog-nifty.com,805-29-3799
844,Creighton,Landre,clandrenf@xinhuanet.com,355-08-0514
845,Keriann,Pooley,kpooleyng@livejournal.com,224-96-7290
846,Ad,Jarmain,ajarmainnh@mozilla.com,734-55-3855
847,Jyoti,Janko,jjankoni@imageshack.us,758-19-1411
848,Georgetta,Brunesco,gbrunesconj@skype.com,363-51-5090
849,Barnett,State,bstatenk@prweb.com,532-84-4414
850,Kellen,Cuerdale,kcuerdalenl@spiegel.de,579-07-0139
851,Conny,Antrag,cantragnm@pen.io,601-02-5719
852,Gayla,Benoey,gbenoeynn@pagesperso-orange.fr,729-57-1204
853,Myrilla,Gaskins,mgaskinsno@sogou.com,413-81-6735
854,Leanna,Oppery,lopperynp@tinypic.com,115-82-6022
855,Lauri,Cox,lcoxnq@yolasite.com,684-07-4736
856,Bud,Tacey,btaceynr@sogou.com,471-54-8209
857,Imojean,Garvan,igarvanns@goodreads.com,183-51-7461
858,Hazlett,Sidwick,hsidwicknt@mysql.com,355-40-5872
859,Stan,Sleaford,ssleafordnu@amazon.co.uk,130-42-1576
860,Marie-ann,Minet,mminetnv@vk.com,841-21-2217
861,Bette,Leivers,bleiversnw@meetup.com,386-05-2970
862,Emlyn,Marley,emarleynx@studiopress.com,564-38-0435
863,Timmie,Slocombe,tslocombeny@nationalgeographic.com,477-33-6574
864,Giuseppe,Monnelly,gmonnellynz@pbs.org,631-51-6794
865,Papagena,Du Fray,pdufrayo0@a8.net,751-58-1266
866,Jamill,Garham,jgarhamo1@npr.org,429-53-0635
867,Marchelle,Brealey,mbrealeyo2@sitemeter.com,289-69-5857
868,Britni,Gillmor,bgillmoro3@usatoday.com,729-87-0144
869,Elmer,Esposito,eespositoo4@livejournal.com,826-23-0348
870,Luelle,Blackett,lblacketto5@rediff.com,577-93-1106
871,Melantha,Beasant,mbeasanto6@liveinternet.ru,396-54-3266
872,Liana,Sorrell,lsorrello7@ehow.com,421-96-6564
873,Deck,McCree,dmccreeo8@usa.gov,601-20-2277
874,Odetta,Crofts,ocroftso9@surveymonkey.com,650-91-6329
875,Haily,Dolan,hdolanoa@ihg.com,492-33-3517
876,Temple,Kearney,tkearneyob@tinypic.com,655-59-9559
877,Devan,Locarno,dlocarnooc@mit.edu,177-15-5542
878,Margalo,Goodfield,mgoodfieldod@geocities.jp,864-62-8725
879,Austin,Baskeyfied,abaskeyfiedoe@ebay.co.uk,454-25-7092
880,Rosette,Kynvin,rkynvinof@un.org,783-34-7719
881,Lindi,Henrych,lhenrychog@addtoany.com,165-72-3968
882,Brien,Kryszkiecicz,bkryszkieciczoh@seattletimes.com,668-88-7901
883,Matthaeus,Kolyagin,mkolyaginoi@linkedin.com,531-38-4026
884,Penny,Ortell,portelloj@businessweek.com,517-86-2011
885,Victor,Creenan,vcreenanok@craigslist.org,231-26-9802
886,Terrye,Viollet,tviolletol@dropbox.com,537-71-5169
887,Raddie,Chaplyn,rchaplynom@1688.com,165-37-6598
888,Tristan,Dessaur,tdessauron@studiopress.com,199-98-7416
889,Aidan,Carnelley,acarnelleyoo@epa.gov,819-56-5983
890,Aundrea,Hanscomb,ahanscombop@oracle.com,840-42-2235
891,Thor,Tring,ttringoq@umich.edu,589-86-7397
892,Robina,Malthouse,rmalthouseor@pinterest.com,172-22-9024
893,Tamarra,McMeekan,tmcmeekanos@cbslocal.com,419-37-6605
894,Patin,Farren,pfarrenot@list-manage.com,165-99-1120
895,Vernice,Adriani,vadrianiou@tinyurl.com,414-75-4290
896,Freddy,Keymer,fkeymerov@senate.gov,181-11-0941
897,Cindi,Jannasch,cjannaschow@ifeng.com,706-31-8601
898,Minnnie,Fear,mfearox@simplemachines.org,147-12-4174
899,Merrili,Fearnley,mfearnleyoy@un.org,246-44-3445
900,Kathie,O'Mannion,komannionoz@msn.com,329-78-4489
901,Francoise,Gilmore,fgilmorep0@china.com.cn,709-04-2106
902,Wilfred,Roffey,wroffeyp1@example.com,461-27-2255
903,Stephana,Oak,soakp2@gravatar.com,250-34-8836
904,Ephrem,Schule,eschulep3@earthlink.net,179-13-3634
905,Saunder,Van Der Weedenburg,svanderweedenburgp4@harvard.edu,453-44-4437
906,Betteann,Sackes,bsackesp5@deliciousdays.com,294-33-7720
907,Deonne,Easterling,deasterlingp6@google.co.uk,102-15-5689
908,Darrel,Patterson,dpattersonp7@wp.com,752-19-7727
909,Bailey,Mancer,bmancerp8@jalbum.net,355-24-7178
910,Sophey,Fruin,sfruinp9@jiathis.com,201-23-0431
911,Hermon,Foulcher,hfoulcherpa@uol.com.br,701-57-0104
912,Mead,Goodby,mgoodbypb@fotki.com,520-17-0017
913,Klarika,Hugnot,khugnotpc@ifeng.com,311-11-3256
914,Hermy,Faulds,hfauldspd@samsung.com,761-60-7658
915,Malorie,Tarbet,mtarbetpe@macromedia.com,788-77-8106
916,Miltie,Fearn,mfearnpf@uiuc.edu,453-48-5632
917,Roselin,Absalom,rabsalompg@usnews.com,108-36-1248
918,Agatha,Gambell,agambellph@fastcompany.com,512-45-3351
919,Erma,Congram,econgrampi@ftc.gov,769-46-2608
920,Myrtie,Walthall,mwalthallpj@netlog.com,636-13-7960
921,Amory,Dockery,adockerypk@wikimedia.org,633-12-7546
922,Demetris,Course,dcoursepl@addtoany.com,329-02-2174
923,Randa,Merkel,rmerkelpm@mail.ru,636-79-2021
924,Sheffie,McIlveen,smcilveenpn@ow.ly,457-55-9261
925,Ker,Thoumas,kthoumaspo@answers.com,118-67-4966
926,Patti,Peeters,ppeeterspp@deliciousdays.com,109-03-7521
927,Tedra,Learmond,tlearmondpq@cbsnews.com,535-24-9772
928,Sean,Oldland,soldlandpr@merriam-webster.com,659-62-7174
929,Zola,Heis,zheisps@slate.com,203-52-9477
930,Garek,Prattin,gprattinpt@illinois.edu,852-17-9237
931,Berk,Obray,bobraypu@princeton.edu,192-17-5357
932,Leigh,Tutchener,ltutchenerpv@t-online.de,444-06-9441
933,Dukey,Cunnington,dcunningtonpw@privacy.gov.au,192-79-9681
934,Eden,McCook,emccookpx@cbc.ca,165-61-6416
935,Barby,Manilove,bmanilovepy@google.ru,594-59-6240
936,Ilise,Balas,ibalaspz@google.com.au,884-69-1675
937,Deborah,Eastham,deasthamq0@mit.edu,682-43-3843
938,Robenia,Farr,rfarrq1@hubpages.com,567-39-4337
939,Kelby,Cauldfield,kcauldfieldq2@sbwire.com,550-24-6389
940,Emelen,Meharry,emeharryq3@kickstarter.com,322-30-5054
941,Carlene,Sparshett,csparshettq4@free.fr,870-70-1235
942,Dyana,McElwee,dmcelweeq5@joomla.org,298-25-8838
943,Giralda,Harriagn,gharriagnq6@toplist.cz,340-60-3806
944,Guillermo,Sammons,gsammonsq7@berkeley.edu,229-54-7618
945,Kessiah,Larraway,klarrawayq8@salon.com,108-56-7319
946,Sena,Coveny,scovenyq9@macromedia.com,437-28-8814
947,Bertie,Dorman,bdormanqa@histats.com,238-50-5064
948,Cecilius,Brownsill,cbrownsillqb@dropbox.com,370-24-6626
949,Delly,Detheridge,ddetheridgeqc@bloomberg.com,340-57-0430
950,Giffer,Laviss,glavissqd@howstuffworks.com,644-70-9762
951,Halie,Stivey,hstiveyqe@github.io,476-48-0417
952,Tyrus,Brimelow,tbrimelowqf@mozilla.com,753-66-0886
953,Khalil,O' Quirk,koquirkqg@purevolume.com,765-69-1302
954,Benedict,Facey,bfaceyqh@ow.ly,422-92-0147
955,Brande,Sacker,bsackerqi@creativecommons.org,763-34-1596
956,Raviv,Denne,rdenneqj@newsvine.com,602-52-2990
957,Beth,Seeman,bseemanqk@cloudflare.com,560-14-7884
958,Hazel,Dautry,hdautryql@yahoo.co.jp,294-87-1944
959,Tobit,Chucks,tchucksqm@google.nl,717-69-9300
960,Rosaline,Doddrell,rdoddrellqn@ftc.gov,337-85-3507
961,Sauncho,Courtois,scourtoisqo@mlb.com,145-91-3234
962,Woody,Roubay,wroubayqp@tumblr.com,807-60-5483
963,Bekki,Jilkes,bjilkesqq@hostgator.com,510-19-1753
964,Vite,Geistmann,vgeistmannqr@ocn.ne.jp,873-74-4309
965,Burnard,McGorley,bmcgorleyqs@squarespace.com,132-71-5288
966,Dinah,Petersen,dpetersenqt@walmart.com,471-63-7243
967,Amata,Miner,aminerqu@indiegogo.com,692-43-8283
968,Marne,Boar,mboarqv@hud.gov,706-06-8070
969,Jeffy,Whartonby,jwhartonbyqw@wordpress.org,512-44-9592
970,Milly,Epelett,mepelettqx@feedburner.com,127-90-4794
971,Elisha,Koppen,ekoppenqy@goo.gl,394-61-8051
972,Justus,Bezant,jbezantqz@wired.com,895-18-0547
973,Dolf,Desmond,ddesmondr0@washington.edu,262-04-5905
974,Morey,Sawbridge,msawbridger1@people.com.cn,796-06-2255
975,Carley,Dungey,cdungeyr2@cnbc.com,468-90-4695
976,Rhoda,Goward,rgowardr3@toplist.cz,700-26-5116
977,Mariam,Hamblin,mhamblinr4@pcworld.com,601-78-9513
978,Rubia,Lawrance,rlawrancer5@w3.org,376-80-7738
979,Milly,Tender,mtenderr6@shop-pro.jp,515-41-8596
980,Barrett,Gimblett,bgimblettr7@thetimes.co.uk,294-90-0088
981,Arnold,Nolan,anolanr8@drupal.org,639-49-4690
982,Hammad,Rugg,hruggr9@geocities.com,460-11-7147
983,Henryetta,Sibray,hsibrayra@psu.edu,774-31-9389
984,Carie,Zecchi,czecchirb@vkontakte.ru,163-34-9733
985,Lottie,McGuirk,lmcguirkrc@ftc.gov,564-29-4956
986,Pattie,Hartmann,phartmannrd@devhub.com,670-85-3982
987,Manny,Creboe,mcreboere@deliciousdays.com,745-80-1120
988,Edna,Breitler,ebreitlerrf@mapquest.com,336-93-7194
989,Johnath,Care,jcarerg@theguardian.com,750-78-3770
990,Vergil,Cornils,vcornilsrh@businesswire.com,715-79-1537
991,Tess,Gottschalk,tgottschalkri@liveinternet.ru,517-61-2741
992,Denna,Dunbar,ddunbarrj@behance.net,223-26-3558
993,Corenda,Dyhouse,cdyhouserk@ucla.edu,340-74-4000
994,Margalit,Penzer,mpenzerrl@skype.com,285-39-1572
995,Jenn,Janosevic,jjanosevicrm@irs.gov,216-11-6113
996,Meredithe,Persehouse,mpersehousern@ameblo.jp,508-62-0455
997,Shelley,Menure,smenurero@g.co,303-25-2863
998,Gaye,Karchowski,gkarchowskirp@prlog.org,698-82-1376
999,Helaina,Geikie,hgeikierq@oracle.com,744-07-6960
1000,Dionisio,Slyde,dslyderr@hubpages.com,338-47-5929
